{
  "London": {
    "config": {
      "zoom": 11,
      "center": "51.507200,-0.127600",
      "borders": {
        "minLat": 51.279860,
        "maxLat": 51.692042,
        "minLng": -0.524924,
        "maxLng": 0.323770
      }
    }
  }
}