{
  "London": {
    "config": {
      "zoom": 11,
      "center": "51.507200,-0.127600",
      "borders": {
        "south": 51.279860,
        "north": 51.692042,
        "west": -0.524924,
        "east": 0.323770
      }
    }
  },
  "Copenhagen": {
    "config": {
      "zoom": 11,
      "center": "55.6722309,12.4896549",
      "borders": {
        "south": 55.614929,
        "north": 55.728391,
        "west": 12.4526044,
        "east": 12.6514573
      }
    }
  }
}