{
  "World": {
    "config": {
      "zoom": 5,
      "center": "51.507200,-0.127600",
      "borders": null
    }
  },
  "London": {
    "config": {
      "zoom": 12,
      "center": "51.507200,-0.127600",
      "borders": {
        "south": 51.279860,
        "north": 51.692042,
        "west": -0.524924,
        "east": 0.323770
      }
    }
  },
  "TODO": {
    "config": {
      "zoom": 12,
      "center": "51.507200,-0.127600",
      "borders": {
        "south": 51.279860,
        "north": 51.692042,
        "west": -0.524924,
        "east": 0.323770
      }
    }
  },
  "Billund": {
    "config": {
      "zoom": 14,
      "center": "55.730953, 9.126648",
      "borders": {
        "south": 55.699129,
        "north": 55.773428,
        "west": 9.057742,
        "east": 9.244760
      }
    }
  },
  "Copenhagen": {
    "config": {
      "zoom": 13,
      "center": "55.6722309,12.4896549",
      "borders": {
        "south": 55.614929,
        "north": 55.728391,
        "west": 12.4526044,
        "east": 12.6514573
      }
    }
  },
  "Perm": {
    "config": {
      "zoom": 13,
      "center": "58.015969,56.282795",
      "borders": {
        "south": 57.802453,
        "north": 58.231352,
        "west": 55.630661,
        "east": 56.901738
      }
    }
  }
}