{
  "London": {
    "config": {
      "zoom": 11,
      "center": "51.507200,-0.127600",
      "borders": {
        "south": 51.279860,
        "north": 51.692042,
        "west": -0.524924,
        "east": 0.323770
      }
    }
  }
}